GENSPECIES,Family
Anax longipes,Aeshnidae
Anax sp.,Aeshnidae
Basiaeschna sp.,Aeshnidae
Boyeria sp.,Aeshnidae
Boyeria vinosa,Aeshnidae
Undetermined Aeshnidae,Aeshnidae
Crangonyx sp.,Amphipoda
Gammarus fasciatus,Amphipoda
Gammarus pseudolimnaeus,Amphipoda
Gammarus sp.,Amphipoda
Gammarus tigrinus,Amphipoda
Hyalella azteca,Amphipoda
Hyalella sp.,Amphipoda
Monoculodes edwardsi,Amphipoda
Monoculodes sp.,Amphipoda
Undetermined Crangonyctidae,Amphipoda
Undetermined Gammaridae,Amphipoda
Undetermined Oedicerotidae,Amphipoda
Undetermined Talitridae,Amphipoda
Ferrissia parallela,Ancylidae
Ferrissia rivularis,Ancylidae
Ferrissia sp.,Ancylidae
Ferrissia walkeri,Ancylidae
Undetermined Ancylidae,Ancylidae
Caecidotea communis,Asellidae
Caecidotea intermedius,Asellidae
Caecidotea nr. racovitzai,Asellidae
Caecidotea racovitzai,Asellidae
Caecidotea racovitzai racovitzai,Asellidae
Caecidotea sp.,Asellidae
Lirceus sp.,Asellidae
Undetermined Asellidae,Asellidae
Atherix sp.,Athericidae
Undetermined Athericidae,Athericidae
Acentrella ampla,Baetidae
Acentrella sp.,Baetidae
Acentrella turbida,Baetidae
Acerpenna macdunnoughi,Baetidae
Acerpenna pygmaea,Baetidae
Acerpenna sp.,Baetidae
Baetis brunneicolor,Baetidae
Baetis flavistriga,Baetidae
Baetis intercalaris,Baetidae
Baetis pluto,Baetidae
Baetis sp.,Baetidae
Baetis tricaudatus,Baetidae
Callibaetis sp.,Baetidae
Centroptilum sp.,Baetidae
Cloeon sp.,Baetidae
Diphetor hageni,Baetidae
Diphetor sp.,Baetidae
Heterocloeon anoka,Baetidae
Heterocloeon curiosum,Baetidae
Heterocloeon sp.,Baetidae
Iswaeon anoka,Baetidae
Plauditus dubius,Baetidae
Plauditus sp.,Baetidae
Procloeon rivulare,Baetidae
Procloeon sp.,Baetidae
Pseudocloeon propinquum,Baetidae
Pseudocloeon sp.,Baetidae
Undetermined Baetidae,Baetidae
Baetisca sp.,Baetiscidae
Undetermined Baetiscidae,Baetiscidae
Bithynia sp.,Bithyniidae
Bithynia tentaculata,Bithyniidae
Undetermined Bithyniidae,Bithyniidae
Adicrophleps hitchcocki,Brachycentridae
Adicrophleps sp.,Brachycentridae
Brachycentrus americanus,Brachycentridae
Brachycentrus appalachia,Brachycentridae
Brachycentrus incanus,Brachycentridae
Brachycentrus lateralis,Brachycentridae
Brachycentrus nigrosoma,Brachycentridae
Brachycentrus numerosus,Brachycentridae
Brachycentrus solomoni,Brachycentridae
Brachycentrus sp.,Brachycentridae
Micrasema sp.,Brachycentridae
Micrasema sp. 1,Brachycentridae
Micrasema sp. 2,Brachycentridae
Micrasema sp. 3,Brachycentridae
Undetermined Brachycentridae,Brachycentridae
Brachycercus maculatus,Caenidae
Brachycercus sp.,Caenidae
Caenis amica,Caenidae
Caenis anceps,Caenidae
Caenis diminuta,Caenidae
Caenis latipennis,Caenidae
Caenis macafferti,Caenidae
Caenis punctata,Caenidae
Caenis sp.,Caenidae
Undetermined Caenidae,Caenidae
Calopteryx sp.,Calopterygidae
Hetaerina sp.,Calopterygidae
Undetermined Calopterygidae,Calopterygidae
Cambarus bartonii,Cambaridae
Cambarus sp.,Cambaridae
Orconectes obscurus,Cambaridae
Orconectes propinquus,Cambaridae
Orconectes rusticus,Cambaridae
Orconectes sp.,Cambaridae
Undetermined Cambaridae,Cambaridae
Undetermined Penaeidae,Cambaridae
Allocapnia sp.,Capniidae
Allocapnia vivipara,Capniidae
Paracapnia sp.,Capniidae
Undetermined Capniidae,Capniidae
Ablabesmyia annulata,Chironomidae
Ablabesmyia idei,Chironomidae
Ablabesmyia illinoensis,Chironomidae
Ablabesmyia janta,Chironomidae
Ablabesmyia mallochi,Chironomidae
Ablabesmyia monilis,Chironomidae
Ablabesmyia peleensis,Chironomidae
Ablabesmyia philosphagnos,Chironomidae
Ablabesmyia rhamphe,Chironomidae
Ablabesmyia simpsoni,Chironomidae
Ablabesmyia sp.,Chironomidae
Acricotopus nitidellus,Chironomidae
Acricotopus sp.,Chironomidae
Alotanypus aris,Chironomidae
Alotanypus sp.,Chironomidae
Apsectrotanypus johnsoni,Chironomidae
Axarus festivus gr.,Chironomidae
Axarus sp.,Chironomidae
Brillia flavifrons,Chironomidae
Brillia parva,Chironomidae
Brillia sera,Chironomidae
Brillia sp.,Chironomidae
Brundiniella sp.,Chironomidae
Camptocladius sp.,Chironomidae
Cardiocladius albiplumus,Chironomidae
Cardiocladius obscurus,Chironomidae
Cardiocladius sp.,Chironomidae
Chaetocladius sp.,Chironomidae
Chaetocladius vitellinus gr.,Chironomidae
Chironomus decorus gr.,Chironomidae
Chironomus riparius gr.,Chironomidae
Chironomus sp.,Chironomidae
Cladopelma sp.,Chironomidae
Cladotanytarsus daviesi,Chironomidae
Cladotanytarsus nr. dispersopilosus,Chironomidae
Cladotanytarsus nr. mancus,Chironomidae
Cladotanytarsus sp.,Chironomidae
Cladotanytarsus sp. 2,Chironomidae
Cladotanytarsus sp. 4,Chironomidae
Clinotanypus pinguis,Chironomidae
Clinotanypus sp.,Chironomidae
Coelotanypus scapularis,Chironomidae
Coelotanypus sp.,Chironomidae
Conchapelopia aleta,Chironomidae
Conchapelopia americana,Chironomidae
Conchapelopia dusena,Chironomidae
Conchapelopia goniodes,Chironomidae
Conchapelopia rurika,Chironomidae
Conchapelopia sp.,Chironomidae
Conchapelopia telema,Chironomidae
Constempellina sp. ,Chironomidae
Constempellina sp. 1,Chironomidae
Constempellina sp. 2,Chironomidae
Corynoneura lobata,Chironomidae
Corynoneura nr. celeripes,Chironomidae
Corynoneura sp.,Chironomidae
Cricotopus absurdus,Chironomidae
Cricotopus annulator gr.,Chironomidae
Cricotopus bicinctus,Chironomidae
Cricotopus elegans,Chironomidae
Cricotopus festivellus gr.,Chironomidae
Cricotopus fugax,Chironomidae
Cricotopus intersectus gr.,Chironomidae
Cricotopus nostocicola,Chironomidae
Cricotopus nr. cylindraceus,Chironomidae
Cricotopus nr. patens,Chironomidae
Cricotopus sp.,Chironomidae
"Cricotopus sp. ""ozarks""",Chironomidae
Cricotopus sylvestris gr.,Chironomidae
Cricotopus tremulus gr.,Chironomidae
Cricotopus triannulatus,Chironomidae
Cricotopus trifascia gr.,Chironomidae
Cricotopus vierriensis,Chironomidae
Cricotopus/Orthocladius Complex,Chironomidae
Cryptochironomus fulvus gr.,Chironomidae
Cryptochironomus ponderosus,Chironomidae
Cryptochironomus sp.,Chironomidae
Cryptotendipes casuarius,Chironomidae
Cryptotendipes emorsus,Chironomidae
Cryptotendipes pseudotener,Chironomidae
Cryptotendipes sp.,Chironomidae
Demicryptochironomus cuneatus,Chironomidae
Demicryptochironomus sp.,Chironomidae
Demicryptochironomus sp. 3,Chironomidae
Diamesa sp.,Chironomidae
Dicrotendipes fumidus,Chironomidae
Dicrotendipes lucifer,Chironomidae
Dicrotendipes modestus,Chironomidae
Dicrotendipes neomodestus,Chironomidae
Dicrotendipes nervosus,Chironomidae
Dicrotendipes simpsoni,Chironomidae
Dicrotendipes sp.,Chironomidae
Dicrotendipes thanatogratus,Chironomidae
Diplocladius cultriger,Chironomidae
Diplocladius sp.,Chironomidae
Einfeldia natchitocheae,Chironomidae
Einfeldia sp.,Chironomidae
Endochironomus nigricans,Chironomidae
Endochironomus sp.,Chironomidae
Endochironomus subtendens,Chironomidae
Epoicocladius sp.,Chironomidae
Eukiefferiella brehmi gr.,Chironomidae
Eukiefferiella brevicalcar gr.,Chironomidae
Eukiefferiella claripennis gr.,Chironomidae
Eukiefferiella coerulescens gr.,Chironomidae
Eukiefferiella devonica gr.,Chironomidae
Eukiefferiella gracei gr.,Chironomidae
Eukiefferiella pseudomontana gr.,Chironomidae
Eukiefferiella similis gr.,Chironomidae
Eukiefferiella sp.,Chironomidae
Glyptotendipes dreisbachi,Chironomidae
Glyptotendipes lobiferus,Chironomidae
Glyptotendipes sp.,Chironomidae
Glyptotendipes sp. 2,Chironomidae
Goeldichironomus sp.,Chironomidae
Guttipelopia guttipennis,Chironomidae
Guttipelopia sp.,Chironomidae
Gymnometriocnemus sp.,Chironomidae
Harnischia curtilamellata,Chironomidae
Harnischia sp.,Chironomidae
Hayesomyia senata,Chironomidae
Hayesomyia sp.,Chironomidae
Heleniella sp.,Chironomidae
Helopelopia cornuticaudata,Chironomidae
Helopelopia sp.,Chironomidae
Heterotrissocladius marcidus gr.,Chironomidae
Heterotrissocladius sp.,Chironomidae
Hudsonimyia karelena,Chironomidae
Hudsonimyia parrishi,Chironomidae
Hudsonimyia sp.,Chironomidae
Hydrobaenus pilipes,Chironomidae
Hydrobaenus sp.,Chironomidae
Hyporhygma sp.,Chironomidae
Krenopelopia sp.,Chironomidae
Krenosmittia sp.,Chironomidae
Labrundinia nr. virescens,Chironomidae
Labrundinia pilosella,Chironomidae
Labrundinia sp.,Chironomidae
Larsia canadensis,Chironomidae
Larsia sp.,Chironomidae
Lauterborniella agrayloides,Chironomidae
Lauterborniella sp.,Chironomidae
Limnophyes sp.,Chironomidae
Lopescladius sp.,Chironomidae
Macropelopia decedens,Chironomidae
Macropelopia sp.,Chironomidae
Meropelopia americana,Chironomidae
Meropelopia flavifrons,Chironomidae
Meropelopia sp.,Chironomidae
Microchironomus sp.,Chironomidae
Micropsectra aristata gr.,Chironomidae
Micropsectra deflecta,Chironomidae
Micropsectra dives gr.,Chironomidae
Micropsectra notescens gr.,Chironomidae
Micropsectra nr. sp. B,Chironomidae
Micropsectra polita,Chironomidae
Micropsectra sp.,Chironomidae
Micropsectra/Tanytarsus Complex,Chironomidae
Microtendipes pedellus gr.,Chironomidae
Microtendipes rydalensis gr.,Chironomidae
Microtendipes sp.,Chironomidae
Monodiamesa sp.,Chironomidae
Nanocladius (Plecopt.) branchicolus,Chironomidae
Nanocladius (Plecopteracoluthus) downesi,Chironomidae
Nanocladius (Plecopteracoluthus) sp.,Chironomidae
Nanocladius (Plecopteracoluthus) sp. 5,Chironomidae
Nanocladius alternantherae?,Chironomidae
Nanocladius crassicornus,Chironomidae
Nanocladius distinctus,Chironomidae
Nanocladius minimus,Chironomidae
Nanocladius nr. balticus,Chironomidae
Nanocladius rectinervis,Chironomidae
Nanocladius sp.,Chironomidae
Nanocladius spiniplenus,Chironomidae
Natarsia baltimorea,Chironomidae
Natarsia sp.,Chironomidae
Natarsia sp. A,Chironomidae
Neostempellina reissi,Chironomidae
Neostempellina sp.,Chironomidae
Nilotanypus fimbriatus,Chironomidae
Nilotanypus sp.,Chironomidae
Nilothauma babiyi,Chironomidae
Nilothauma sp.,Chironomidae
Odontomesa fulva,Chironomidae
Odontomesa sp.,Chironomidae
Orthocladiinae sp. C,Chironomidae
Orthocladius (Eudactylocladius) sp.,Chironomidae
Orthocladius (Euorthoclad.) luteipes,Chironomidae
Orthocladius (Euorthoclad.) rivicola,Chironomidae
Orthocladius (Euorthoclad.) rivulorum,Chironomidae
Orthocladius (Euorthoclad.) sp.,Chironomidae
Orthocladius (Symposiocladius) lignicola,Chironomidae
Orthocladius annectens,Chironomidae
Orthocladius carlatus,Chironomidae
Orthocladius curtiseta,Chironomidae
Orthocladius dorenus,Chironomidae
Orthocladius dubitatus,Chironomidae
Orthocladius nr. dentifer,Chironomidae
Orthocladius nr. robacki,Chironomidae
Orthocladius obumbratus,Chironomidae
Orthocladius oliverei,Chironomidae
Orthocladius sp.,Chironomidae
Orthocladius trigonolabis,Chironomidae
Orthocladius vaillanti,Chironomidae
Pagastia orthogonia,Chironomidae
Pagastiella sp.,Chironomidae
Paraboreochlus sp.,Chironomidae
Parachaetocladius sp.,Chironomidae
Parachironomus abortivus,Chironomidae
Parachironomus carinatus,Chironomidae
Parachironomus frequens,Chironomidae
Parachironomus hirtalatus,Chironomidae
Parachironomus potamogeton,Chironomidae
Parachironomus sp.,Chironomidae
Paracladopelma nais,Chironomidae
Paracladopelma nereis,Chironomidae
Paracladopelma sp.,Chironomidae
Paracricotopus sp.,Chironomidae
Parakiefferiella nr. triquetra,Chironomidae
Parakiefferiella sp.,Chironomidae
Paralauterborniella nigrohalteralis,Chironomidae
Paralauterborniella sp.,Chironomidae
Paralimnophyes sp.,Chironomidae
Paramerina sp.,Chironomidae
Parametriocnemus lundbecki,Chironomidae
Parametriocnemus sp.,Chironomidae
Paraphaenocladius sp.,Chironomidae
Paratanytarsus confusus,Chironomidae
Paratanytarsus dimorphis,Chironomidae
Paratanytarsus sp.,Chironomidae
Paratendipes albimanus,Chironomidae
Paratendipes sp.,Chironomidae
Paratrichocladius sp.,Chironomidae
Parorthocladius sp.,Chironomidae
Pentaneura inconspicua,Chironomidae
Pentaneura sp.,Chironomidae
Phaenopsectra dyari?,Chironomidae
Phaenopsectra flavipes,Chironomidae
Phaenopsectra obdiens gr.,Chironomidae
Phaenopsectra punctipes gr.,Chironomidae
Phaenopsectra sp.,Chironomidae
Polypedilum (Tripodura) sp.,Chironomidae
Polypedilum aviceps,Chironomidae
Polypedilum digitifer,Chironomidae
Polypedilum fallax gr.,Chironomidae
Polypedilum flavum,Chironomidae
Polypedilum griseopunctatum,Chironomidae
Polypedilum halterale gr.,Chironomidae
Polypedilum illinoense,Chironomidae
Polypedilum laetum,Chironomidae
Polypedilum obtusum,Chironomidae
Polypedilum ontario,Chironomidae
Polypedilum scalaenum gr.,Chironomidae
Polypedilum simulans gr.,Chironomidae
Polypedilum sordens,Chironomidae
Polypedilum sp.,Chironomidae
Polypedilum trigonum,Chironomidae
Polypedilum tritum,Chironomidae
Polypedilum tuberculum,Chironomidae
Potthastia gaedii gr.,Chironomidae
Potthastia longimana gr.,Chironomidae
Potthastia sp.,Chironomidae
Procladius bellus,Chironomidae
Procladius sp.,Chironomidae
Procladius sublettei,Chironomidae
Prodiamesa olivacea,Chironomidae
Prodiamesa sp.,Chironomidae
Prodiamesa sp. 2,Chironomidae
Psectrocladius dilatatus gr.,Chironomidae
Psectrocladius nigrus,Chironomidae
Psectrocladius psilopterus gr.,Chironomidae
Psectrocladius sordidellus gr.,Chironomidae
Psectrocladius sp.,Chironomidae
Psectrocladius vernalis,Chironomidae
Psectrotanypus dyari,Chironomidae
Psectrotanypus sp.,Chironomidae
Pseudochironomus sp.,Chironomidae
Pseudochironomus sp. 1,Chironomidae
Pseudochironomus sp. 2,Chironomidae
Pseudochironomus sp. 3,Chironomidae
Pseudokiefferiella sp.,Chironomidae
Pseudorthocladius sp.,Chironomidae
Psilometriocnemus sp.,Chironomidae
Psilometriocnemus triannulatus,Chironomidae
Rheocricotopus robacki,Chironomidae
Rheocricotopus sp.,Chironomidae
Rheocricotopus sp. 2,Chironomidae
Rheocricotopus sp. 4,Chironomidae
Rheocricotopus tuberculatus,Chironomidae
Rheopelopia acra gr.,Chironomidae
Rheopelopia sp.,Chironomidae
Rheopelopia sp. 2,Chironomidae
Rheopelopia sp. 3,Chironomidae
Rheotanytarsus exiguus gr.,Chironomidae
Rheotanytarsus pellucidus,Chironomidae
Rheotanytarsus sp.,Chironomidae
Robackia claviger,Chironomidae
Robackia demeijerei,Chironomidae
Robackia sp.,Chironomidae
Saetheria sp.,Chironomidae
Saetheria tylus,Chironomidae
Sergentia? sp.,Chironomidae
Smittia sp.,Chironomidae
Stelechomyia perpulchra,Chironomidae
Stelechomyia sp.,Chironomidae
Stempellina johannseni,Chironomidae
Stempellina nr. bausei,Chironomidae
Stempellina nr. subglabripennis,Chironomidae
Stempellina sp.,Chironomidae
Stempellina sp. 4,Chironomidae
Stempellina sp. 5,Chironomidae
Stempellinella sp.,Chironomidae
Stempellinella sp. 1,Chironomidae
Stempellinella sp. 2,Chironomidae
Stempellinella sp. 3,Chironomidae
Stenochironomus hilaris,Chironomidae
Stenochironomus macateei,Chironomidae
Stenochironomus poecilopterus,Chironomidae
Stenochironomus sp.,Chironomidae
Stictochironomus sp.,Chironomidae
Stilocladius sp.,Chironomidae
Sublettea coffmani,Chironomidae
Sublettea sp.,Chironomidae
Symbiocladius equitans,Chironomidae
Symbiocladius sp.,Chironomidae
Sympotthastia sp.,Chironomidae
Synorthocladius nr. semivirens,Chironomidae
Synorthocladius sp.,Chironomidae
Tanypus neopunctipennis,Chironomidae
Tanypus punctipennis,Chironomidae
Tanypus sp.,Chironomidae
Tanypus stellatus,Chironomidae
Tanytarsus brundini,Chironomidae
Tanytarsus curticornis gr.,Chironomidae
Tanytarsus eminulus gr.,Chironomidae
Tanytarsus glabrescens gr.,Chironomidae
Tanytarsus guerlus gr.,Chironomidae
Tanytarsus sp.,Chironomidae
Tanytarsus sp. O,Chironomidae
Telopelopia okoboji,Chironomidae
Telopelopia sp.,Chironomidae
Thienemanniella lobapodema,Chironomidae
Thienemanniella sp.,Chironomidae
Thienemanniella xena,Chironomidae
Thienemannimyia gr. spp.,Chironomidae
Thienemannimyia norena,Chironomidae
Thienemannimyia sp.,Chironomidae
Tribelos atrum,Chironomidae
Tribelos fuscicorne,Chironomidae
Tribelos jucundum,Chironomidae
Tribelos sp.,Chironomidae
Tribelos/Endochironomus/Phaenopsectra Co,Chironomidae
Trissocladius sp.,Chironomidae
Trissopelopia ogemawi,Chironomidae
Trissopelopia sp.,Chironomidae
Tvetenia bavarica gr.,Chironomidae
Tvetenia sp.,Chironomidae
Tvetenia vitracies,Chironomidae
Undetermined Chironomidae,Chironomidae
Undetermined Chironominae,Chironomidae
Undetermined Chironomini,Chironomidae
Undetermined Diamesinae,Chironomidae
Undetermined Orthocladiinae,Chironomidae
Undetermined Prodiamesinae,Chironomidae
Undetermined Tanypodinae,Chironomidae
Undetermined Tanytarsini,Chironomidae
Unniella multivirga,Chironomidae
Unniella sp.,Chironomidae
Xenochironomus sp.,Chironomidae
Xenochironomus xenolabis,Chironomidae
Xylotopus par,Chironomidae
Xylotopus sp.,Chironomidae
Zalutschia sp.,Chironomidae
Zalutschia zalutschicola,Chironomidae
Zavrelia sp.,Chironomidae
Zavreliella sp.,Chironomidae
Zavrelimyia sinuosa,Chironomidae
Zavrelimyia sp.,Chironomidae
Chironomus decorus gr.,Chironomus
Chironomus riparius gr.,Chironomus
Chironomus sp.,Chironomus
Alloperla sp.,Chloroperlidae
Haploperla brevis,Chloroperlidae
Haploperla sp.,Chloroperlidae
Rasvena sp.,Chloroperlidae
Rasvena terna,Chloroperlidae
Suwallia marginata,Chloroperlidae
Sweltsa sp.,Chloroperlidae
Undetermined Chloroperlidae,Chloroperlidae
Argia moesta,Coenagrionidae
Argia sp.,Coenagrionidae
Chromagrion sp.,Coenagrionidae
Enallagma sp.,Coenagrionidae
Ischnura sp.,Coenagrionidae
Ischnura sp. 1,Coenagrionidae
Ischnura sp. 2,Coenagrionidae
Ischnura sp. 3,Coenagrionidae
Ischnura sp. 4,Coenagrionidae
Ischnura sp. 5,Coenagrionidae
Undetermined Coenagrionidae,Coenagrionidae
Cordulegaster maculata,Cordulegastridae
Cordulegaster sp.,Cordulegastridae
Undetermined Cordulegastridae,Cordulegastridae
Neurocordulia sp.,Corduliidae
Undetermined Corduliidae,Corduliidae
Hesperocorixa sp.,Corixidae
Undetermined Corixidae,Corixidae
Chauliodes sp.,Corydalidae
Corydalus cornutus,Corydalidae
Corydalus sp.,Corydalidae
Nigronia serricornis,Corydalidae
Undetermined Corydalidae,Corydalidae
Undetermined Curculionidae,Curculionidae
Dixa sp.,Dixidae
Undetermined Dixidae,Dixidae
Helichus sp.,Dryopidae
Undetermined Dryopidae,Dryopidae
Agabetes sp.,Dytiscidae
Agabus sp.,Dytiscidae
Celina sp.,Dytiscidae
Hydroporous sp.,Dytiscidae
Laccophilus sp.,Dytiscidae
Undetermined Dytiscidae,Dytiscidae
Ancyronyx sp.,Elmidae
Ancyronyx variegatus,Elmidae
Dubiraphia bivittata,Elmidae
Dubiraphia quadrinotata,Elmidae
Dubiraphia sp.,Elmidae
Dubiraphia vittata,Elmidae
Macronychus glabratus,Elmidae
Macronychus sp.,Elmidae
Microcylloepus pusillus,Elmidae
Microcylloepus sp.,Elmidae
Optioservus cryophilus,Elmidae
Optioservus fastiditus,Elmidae
Optioservus immunis,Elmidae
Optioservus nr. sandersoni,Elmidae
Optioservus ovalis,Elmidae
Optioservus sp.,Elmidae
Optioservus trivittatus,Elmidae
Oulimnius latiusculus,Elmidae
Oulimnius nitidulus,Elmidae
Oulimnius sp.,Elmidae
Promoresia elegans,Elmidae
Promoresia sp.,Elmidae
Promoresia tardella,Elmidae
Stenelmis bicarinata,Elmidae
Stenelmis cheryl,Elmidae
Stenelmis concinna,Elmidae
Stenelmis crenata,Elmidae
Stenelmis mera,Elmidae
Stenelmis musgravei,Elmidae
Stenelmis sandersoni,Elmidae
Stenelmis sp.,Elmidae
Stenelmis vittapennis,Elmidae
Undetermined Elmidae,Elmidae
Chelifera sp.,Empididae
Clinocera sp.,Empididae
Hemerodromia sp.,Empididae
Neoplasta sp.,Empididae
Oreogeton sp.,Empididae
Undetermined Empididae,Empididae
Wiedemannia sp.,Empididae
Attenella attenuata,Ephemerellidae
Attenella margarita,Ephemerellidae
Attenella sp.,Ephemerellidae
Dannella simplex,Ephemerellidae
Dannella sp.,Ephemerellidae
Drunella cornuta,Ephemerellidae
Drunella cornutella,Ephemerellidae
Drunella lata,Ephemerellidae
Drunella sp.,Ephemerellidae
Drunella tuberculata,Ephemerellidae
Drunella walkeri,Ephemerellidae
Ephemerella aurivillii,Ephemerellidae
Ephemerella dorothea,Ephemerellidae
Ephemerella excrucians?,Ephemerellidae
Ephemerella invaria,Ephemerellidae
Ephemerella needhami,Ephemerellidae
Ephemerella rotunda,Ephemerellidae
Ephemerella sp.,Ephemerellidae
Ephemerella subvaria,Ephemerellidae
Eurylophella funeralis,Ephemerellidae
Eurylophella sp.,Ephemerellidae
Eurylophella temporalis,Ephemerellidae
Eurylophella verisimilis,Ephemerellidae
Serratella deficiens,Ephemerellidae
Serratella serrata,Ephemerellidae
Serratella serratoides,Ephemerellidae
Serratella sordida,Ephemerellidae
Serratella sp.,Ephemerellidae
Undetermined Ephemerellidae,Ephemerellidae
Ephemera guttulata,Ephemeridae
Ephemera sp.,Ephemeridae
Hexagenia sp.,Ephemeridae
Litobrancha recurvata,Ephemeridae
Litobrancha sp.,Ephemeridae
Undetermined Ephemeridae,Ephemeridae
Agapetus sp.,Glossosomatidae
Culoptila sp.,Glossosomatidae
Glossosoma sp.,Glossosomatidae
Protoptila sp.,Glossosomatidae
Undetermined Glossosomatidae,Glossosomatidae
Goera sp.,Goeridae
Undetermined Goeridae,Goeridae
Gomphus sp.,Gomphidae
Hagenius sp.,Gomphidae
Lanthus parvulus,Gomphidae
Lanthus sp.,Gomphidae
Lanthus vernalis,Gomphidae
Ophiogomphus carolus,Gomphidae
Ophiogomphus sp.,Gomphidae
Stylogomphus albystilus,Gomphidae
Stylogomphus sp.,Gomphidae
Stylurus sp.,Gomphidae
Undetermined Gomphidae,Gomphidae
Dineutus sp.,Gyrinidae
Gyrinus sp.,Gyrinidae
Undetermined Gyrinidae,Gyrinidae
Haliplus sp.,Haliplidae
Peltodytes sp.,Haliplidae
Undetermined Haliplidae,Haliplidae
Helicopsyche borealis,Helicopsychidae
Helicopsyche sp.,Helicopsychidae
Undetermined Helicopsychidae,Helicopsychidae
Cinygmula sp.,Heptageniidae
Cinygmula subaequalis,Heptageniidae
Epeorus (Iron) sp.,Heptageniidae
Epeorus sp.,Heptageniidae
Epeorus vitreus,Heptageniidae
Heptagenia culacantha,Heptageniidae
Heptagenia flavescens,Heptageniidae
Heptagenia marginalis,Heptageniidae
Heptagenia pulla gr.,Heptageniidae
Heptagenia sp.,Heptageniidae
Leucrocuta sp.,Heptageniidae
Nixe (Nixe) sp.,Heptageniidae
Rhithrogena sp.,Heptageniidae
Stenacron carolina,Heptageniidae
Stenacron interpunctatum,Heptageniidae
Stenacron sp.,Heptageniidae
Stenonema exiguum,Heptageniidae
Stenonema femoratum,Heptageniidae
Stenonema ithaca,Heptageniidae
Stenonema luteum,Heptageniidae
Stenonema mediopunctatum,Heptageniidae
Stenonema meririvulanum,Heptageniidae
Stenonema mexicanum integrum,Heptageniidae
Stenonema modestum,Heptageniidae
Stenonema pulchellum,Heptageniidae
Stenonema sp.,Heptageniidae
Stenonema terminatum,Heptageniidae
Stenonema vicarium,Heptageniidae
Undetermined Heptageniidae,Heptageniidae
Batracobdella phalera,Hirudinea
Batracobdella sp.,Hirudinea
Erpobdella sp.,Hirudinea
Helobdella elongata,Hirudinea
Helobdella sp. ,Hirudinea
Helobdella sp. 1,Hirudinea
Helobdella stagnalis,Hirudinea
Helobdella triserialis,Hirudinea
Placobdella montifera,Hirudinea
Placobdella sp.,Hirudinea
Undetermined Erpobdellidae,Hirudinea
Undetermined Glossiphoniidae,Hirudinea
Undetermined Hirudinea,Hirudinea
Hydraena sp.,Hydraenidae
Undetermined Hydraenidae,Hydraenidae
Anacaena sp.,Hydrophilidae
Berosus sp.,Hydrophilidae
Crenitis sp.,Hydrophilidae
Helochares sp.,Hydrophilidae
Helophorus sp.,Hydrophilidae
Hydrobius sp.,Hydrophilidae
Hydrochara sp.,Hydrophilidae
Hydrochus sp.,Hydrophilidae
Laccobius sp.,Hydrophilidae
Undetermined Hydrophilidae,Hydrophilidae
Arctopsyche sp.,Hydropsychidae
Cheumatopsyche sp.,Hydropsychidae
Diplectrona sp.,Hydropsychidae
Homoplectra sp.,Hydropsychidae
Hydropsyche betteni,Hydropsychidae
Hydropsyche bidens,Hydropsychidae
Hydropsyche bronta,Hydropsychidae
Hydropsyche dicantha,Hydropsychidae
Hydropsyche leonardi,Hydropsychidae
Hydropsyche morosa,Hydropsychidae
Hydropsyche nr. depravata,Hydropsychidae
Hydropsyche orris,Hydropsychidae
Hydropsyche phalerata,Hydropsychidae
Hydropsyche recurvata,Hydropsychidae
Hydropsyche scalaris,Hydropsychidae
Hydropsyche separata,Hydropsychidae
Hydropsyche slossonae,Hydropsychidae
Hydropsyche sp.,Hydropsychidae
Hydropsyche sparna,Hydropsychidae
Hydropsyche valanis,Hydropsychidae
Hydropsyche ventura,Hydropsychidae
Hydropsyche venularis,Hydropsychidae
Hydropsyche walkeri,Hydropsychidae
Macrostemum carolina,Hydropsychidae
Macrostemum sp.,Hydropsychidae
Macrostemum zebratum,Hydropsychidae
Parapsyche apicalis,Hydropsychidae
Parapsyche sp.,Hydropsychidae
Potamyia sp.,Hydropsychidae
Undetermined Hydropsychidae,Hydropsychidae
Agraylea sp.,Hydroptilidae
Alisotrichia sp.,Hydroptilidae
Hydroptila ajax,Hydroptilidae
Hydroptila consimilis,Hydroptilidae
Hydroptila nr. albicornis,Hydroptilidae
Hydroptila nr. armata,Hydroptilidae
Hydroptila nr. hamata,Hydroptilidae
Hydroptila nr. waubesiana,Hydroptilidae
Hydroptila sp.,Hydroptilidae
Hydroptila spatulata,Hydroptilidae
Ithytrichia sp.,Hydroptilidae
Leucotrichia sp.,Hydroptilidae
Mayatrichia ayama,Hydroptilidae
Mayatrichia sp.,Hydroptilidae
Neotrichia sp.,Hydroptilidae
Orthotrichia sp.,Hydroptilidae
Oxyethira sp.,Hydroptilidae
Palaeagapetus celsus,Hydroptilidae
Palaeagapetus sp.,Hydroptilidae
Undetermined Hydroptilidae,Hydroptilidae
Isonychia bicolor,Isonychiidae
Isonychia obscura,Isonychiidae
Isonychia sp.,Isonychiidae
Undetermined Isonychiidae,Isonychiidae
Lepidostoma sp.,Lepidostomatidae
Undetermined Lepidostomatidae,Lepidostomatidae
Ceraclea alces,Leptoceridae
Ceraclea punctata,Leptoceridae
Ceraclea sp.,Leptoceridae
Leptocerus americanus,Leptoceridae
Leptocerus sp.,Leptoceridae
Mystacides alafimbriata,Leptoceridae
Mystacides sepulchralis,Leptoceridae
Mystacides sp.,Leptoceridae
Nectopsyche sp.,Leptoceridae
Oecetis avara,Leptoceridae
Oecetis cinerascens,Leptoceridae
Oecetis inconspicua,Leptoceridae
Oecetis sp.,Leptoceridae
Setodes sp.,Leptoceridae
Triaenodes sp.,Leptoceridae
Undetermined Leptoceridae,Leptoceridae
Tricorythodes sp.,Leptohyphidae
Undetermined Leptohyphidae,Leptohyphidae
Choroterpes sp.,Leptophlebiidae
Habrophlebia sp.,Leptophlebiidae
Habrophlebia vibrans,Leptophlebiidae
Habrophlebiodes sp.,Leptophlebiidae
Leptophlebia sp.,Leptophlebiidae
Paraleptophlebia adoptiva,Leptophlebiidae
Paraleptophlebia debilis,Leptophlebiidae
Paraleptophlebia guttata,Leptophlebiidae
Paraleptophlebia moerens,Leptophlebiidae
Paraleptophlebia mollis,Leptophlebiidae
Paraleptophlebia sp.,Leptophlebiidae
Paraleptophlebia volitans,Leptophlebiidae
Undetermined Leptophlebiidae,Leptophlebiidae
Lestes sp.,Lestidae
Undetermined Lestidae,Lestidae
Leuctra ferruginea,Leuctridae
Leuctra maria,Leuctridae
Leuctra sp.,Leuctridae
Leuctra tenuis,Leuctridae
Leuctra truncata,Leuctridae
Undetermined Leuctridae,Leuctridae
Zealeuctra sp.,Leuctridae
Hesperophylax designatus,Limnephilidae
Hesperophylax sp.,Limnephilidae
Hydatophylax sp.,Limnephilidae
Limnephilus sp.,Limnephilidae
Nemotaulius hostilis,Limnephilidae
Nemotaulius sp.,Limnephilidae
Platycentropus sp.,Limnephilidae
Pseudostenophylax sp.,Limnephilidae
Psychoglypha sp.,Limnephilidae
Pycnopsyche sp.,Limnephilidae
Undetermined Limnephilidae,Limnephilidae
Fossaria sp.,Lymnaeidae
Lymnaea sp.,Lymnaeidae
Lymnaea stagnalis,Lymnaeidae
Pseudosuccinea columella,Lymnaeidae
Pseudosuccinea sp.,Lymnaeidae
Radix auricularia,Lymnaeidae
Radix sp.,Lymnaeidae
Stagnicola catascopium,Lymnaeidae
Stagnicola elodes,Lymnaeidae
Stagnicola sp.,Lymnaeidae
Undetermined Lymnaeidae,Lymnaeidae
Macromia sp.,Macromiidae
Undetermined Macromiidae,Macromiidae
Amphinemura delosa,Nemouridae
Amphinemura nigritta,Nemouridae
Amphinemura sp.,Nemouridae
Amphinemura wui,Nemouridae
Nemoura sp.,Nemouridae
Ostrocerca sp.,Nemouridae
Prostoia sp.,Nemouridae
Shipsa rotunda,Nemouridae
Shipsa sp.,Nemouridae
Soyedina sp.,Nemouridae
Undetermined Nemouridae,Nemouridae
Psilotreta labida,Odontoceridae
Psilotreta sp.,Odontoceridae
Undetermined Odontoceridae,Odontoceridae
Amphichaeta americana,OLIGOCHAETA
Amphichaeta sp.,OLIGOCHAETA
Arcteonais lomondi,OLIGOCHAETA
Arcteonais sp.,OLIGOCHAETA
Aulodrilus americanus,OLIGOCHAETA
Aulodrilus limnobius,OLIGOCHAETA
Aulodrilus piqueti,OLIGOCHAETA
Aulodrilus pluriseta,OLIGOCHAETA
Aulodrilus sp.,OLIGOCHAETA
Bothrioneurum sp.,OLIGOCHAETA
Bothrioneurum vejdovskyanum,OLIGOCHAETA
Branchiura sowerbyi,OLIGOCHAETA
Branchiura sp.,OLIGOCHAETA
Chaetogaster diaphanus,OLIGOCHAETA
Chaetogaster diastrophus,OLIGOCHAETA
Chaetogaster limnaei,OLIGOCHAETA
Chaetogaster setosus,OLIGOCHAETA
Chaetogaster sp.,OLIGOCHAETA
Dero digitata,OLIGOCHAETA
Dero furcata,OLIGOCHAETA
Dero nivea,OLIGOCHAETA
Dero obtusa,OLIGOCHAETA
Dero pectinata,OLIGOCHAETA
Dero sp.,OLIGOCHAETA
Eclipidrilus sp.,OLIGOCHAETA
Haemonais sp.,OLIGOCHAETA
Haemonais waldvogeli,OLIGOCHAETA
Ilyodrilus sp.,OLIGOCHAETA
Ilyodrilus templetoni,OLIGOCHAETA
Isochaetides freyi,OLIGOCHAETA
Isochaetides sp.,OLIGOCHAETA
Limnodrilus cervix,OLIGOCHAETA
Limnodrilus claparedeianus,OLIGOCHAETA
Limnodrilus hoffmeisteri,OLIGOCHAETA
Limnodrilus profundicola,OLIGOCHAETA
Limnodrilus sp.,OLIGOCHAETA
Limnodrilus udekemianus,OLIGOCHAETA
Nais barbata,OLIGOCHAETA
Nais behningi,OLIGOCHAETA
Nais bretscheri,OLIGOCHAETA
Nais communis,OLIGOCHAETA
Nais elinguis,OLIGOCHAETA
Nais pardalis,OLIGOCHAETA
Nais simplex,OLIGOCHAETA
Nais sp.,OLIGOCHAETA
Nais variabilis,OLIGOCHAETA
Ophidonais serpentina,OLIGOCHAETA
Ophidonais sp.,OLIGOCHAETA
Paranais frici,OLIGOCHAETA
Paranais sp.,OLIGOCHAETA
Piguetiella michiganensis,OLIGOCHAETA
Piguetiella sp.,OLIGOCHAETA
Potamothrix moldaviensis,OLIGOCHAETA
Potamothrix sp.,OLIGOCHAETA
Potamothrix vejdovskyi,OLIGOCHAETA
Pristina aequiseta,OLIGOCHAETA
Pristina breviseta,OLIGOCHAETA
Pristina leidyi,OLIGOCHAETA
Pristina menoni,OLIGOCHAETA
Pristina sp.,OLIGOCHAETA
Pristina synclites,OLIGOCHAETA
Pristinella jenkinae,OLIGOCHAETA
Pristinella osborni,OLIGOCHAETA
Pristinella sp.,OLIGOCHAETA
Quistadrilus multisetosus,OLIGOCHAETA
Quistadrilus sp.,OLIGOCHAETA
Rhyacodrilus sp.,OLIGOCHAETA
Rhyacodrilus subterraneus,OLIGOCHAETA
Ripistes parasita,OLIGOCHAETA
Ripistes sp.,OLIGOCHAETA
Slavina appendiculata,OLIGOCHAETA
Slavina sp.,OLIGOCHAETA
Specaria josinae,OLIGOCHAETA
Specaria sp.,OLIGOCHAETA
Spirosperma ferox,OLIGOCHAETA
Spirosperma sp.,OLIGOCHAETA
Stylaria lacustris,OLIGOCHAETA
Stylaria sp.,OLIGOCHAETA
Stylodrilus heringianus,OLIGOCHAETA
Stylodrilus sp.,OLIGOCHAETA
Tubifex sp.,OLIGOCHAETA
Tubifex tubifex,OLIGOCHAETA
Undet. Tubificidae,OLIGOCHAETA
Undet. Tubificidae w/ cap. setae,OLIGOCHAETA
Undet. Tubificidae w/o cap. setae,OLIGOCHAETA
Undetermined Enchytraeidae,OLIGOCHAETA
Undetermined Enchytraeidae sp. 1,OLIGOCHAETA
Undetermined Enchytraeidae sp. 2,OLIGOCHAETA
Undetermined Haplotaxidae,OLIGOCHAETA
Undetermined Lumbricina,OLIGOCHAETA
Undetermined Lumbriculidae,OLIGOCHAETA
Undetermined Naididae,OLIGOCHAETA
Undetermined Oligochaeta,OLIGOCHAETA
Vejdovskyella comata,OLIGOCHAETA
Vejdovskyella intermedia,OLIGOCHAETA
Vejdovskyella sp.,OLIGOCHAETA
Arrenurus sp.,OSTRACODA
Atractides sp.,OSTRACODA
Lebertia sp.,OSTRACODA
Limnesia sp.,OSTRACODA
Limnochares sp.,OSTRACODA
Mideopsis sp.,OSTRACODA
Sperchon sp.,OSTRACODA
Tyrellia sp.,OSTRACODA
Undetermined Acariformes,OSTRACODA
Unionicola sp.,OSTRACODA
Unionicola sp. 1,OSTRACODA
Unionicola sp. 2,OSTRACODA
Anodonta implicata,Pelecypoda
Anodonta sp.,Pelecypoda
Corbicula fluminea,Pelecypoda
Corbicula sp.,Pelecypoda
Dreissena polymorpha,Pelecypoda
Dreissena sp.,Pelecypoda
Elliptio complanata,Pelecypoda
Elliptio sp.,Pelecypoda
Lampsilis radiata,Pelecypoda
Lampsilis sp.,Pelecypoda
Musculium partumeium,Pelecypoda
Musculium sp.,Pelecypoda
Musculium transversum,Pelecypoda
Pisidium amnicum,Pelecypoda
Pisidium casertanum,Pelecypoda
Pisidium compressum,Pelecypoda
Pisidium sp.,Pelecypoda
Pisidium variabile,Pelecypoda
Pyganodon cataracta,Pelecypoda
Pyganodon sp.,Pelecypoda
Sphaerium corneum,Pelecypoda
Sphaerium rhomboideum,Pelecypoda
Sphaerium sp.,Pelecypoda
Sphaerium striatinum,Pelecypoda
Undetermined Corbiculidae,Pelecypoda
Undetermined Dreisseniidae,Pelecypoda
Undetermined Sphaeriidae,Pelecypoda
Undetermined Unionidae,Pelecypoda
Tallaperla sp.,Peltoperlidae
Undetermined Peltoperlidae,Peltoperlidae
Acroneuria abnormis,Perlidae
Acroneuria arenosa,Perlidae
Acroneuria carolinensis,Perlidae
Acroneuria lycorias,Perlidae
Acroneuria sp.,Perlidae
Agnetina annulipes,Perlidae
Agnetina capitata,Perlidae
Agnetina flavescens,Perlidae
Agnetina sp.,Perlidae
Claassenia sabulosa,Perlidae
Claassenia sp.,Perlidae
Eccoptura sp.,Perlidae
Eccoptura xanthenes,Perlidae
Neoperla sp.,Perlidae
Paragnetina immarginata,Perlidae
Paragnetina media,Perlidae
Paragnetina sp.,Perlidae
Perlesta sp.,Perlidae
Perlesta sp. 1,Perlidae
Perlesta sp. 2,Perlidae
Undetermined Perlidae,Perlidae
Cultus decisus,Perlodidae
Cultus sp.,Perlodidae
Diura sp.,Perlodidae
Helopicus sp.,Perlodidae
Helopicus subvarians,Perlodidae
Isogenoides hansoni,Perlodidae
Isogenoides sp.,Perlodidae
Isoperla frisoni,Perlodidae
Isoperla holochlora,Perlodidae
Isoperla marlynia,Perlodidae
Isoperla namata,Perlodidae
Isoperla nana,Perlodidae
Isoperla sp.,Perlodidae
Isoperla transmarina,Perlodidae
Malirekus iroquois,Perlodidae
Malirekus sp.,Perlodidae
Remenus sp.,Perlodidae
Undetermined Perlodidae,Perlodidae
Chimarra aterrima?,Philopotamidae
Chimarra obscura,Philopotamidae
Chimarra socia,Philopotamidae
Chimarra sp.,Philopotamidae
Dolophilodes sp.,Philopotamidae
Undetermined Philopotamidae,Philopotamidae
Wormaldia sp.,Philopotamidae
Oligostomis sp.,Phryganeidae
Phryganea sp.,Phryganeidae
Ptilostomis sp.,Phryganeidae
Undetermined Phryganeidae,Phryganeidae
Physella ancillaria,Physidae
Physella gyrina,Physidae
Physella heterostropha,Physidae
Physella integra,Physidae
Physella sp.,Physidae
Undetermined Physidae,Physidae
Cyrnellus fraternus,Polycentropodidae
Cyrnellus sp.,Polycentropodidae
Neureclipsis bimaculata,Polycentropodidae
Neureclipsis sp.,Polycentropodidae
Nyctiophylax celta,Polycentropodidae
Nyctiophylax moestus,Polycentropodidae
Nyctiophylax sp.,Polycentropodidae
Polycentropus remotus,Polycentropodidae
Polycentropus sp.,Polycentropodidae
Undetermined Polycentropodidae,Polycentropodidae
Ephoron leukon?,Polymitarcyidae
Ephoron sp.,Polymitarcyidae
Undetermined Polymitarcyidae,Polymitarcyidae
Anthopotamus sp.,Potamanthidae
Anthopotamus verticus,Potamanthidae
Undetermined Potamanthidae,Potamanthidae
Ectopria nervosa,Psephenidae
Ectopria sp.,Psephenidae
Psephenus herricki,Psephenidae
Psephenus sp.,Psephenidae
Undetermined Psephenidae,Psephenidae
Lype diversa,Psychomyiidae
Lype sp.,Psychomyiidae
Psychomyia flavida,Psychomyiidae
Psychomyia sp.,Psychomyiidae
Undetermined Psychomyiidae,Psychomyiidae
Pteronarcys biloba,Pteronarcidae
Pteronarcys comstocki,Pteronarcidae
Pteronarcys dorsata,Pteronarcidae
Pteronarcys proteus,Pteronarcidae
Pteronarcys sp.,Pteronarcidae
Undetermined Pteronarcidae,Pteronarcidae
Anchytarsus bicolor,Ptilodactylidae
Undetermined Ptilodactylidae,Ptilodactylidae
Rhyacophila acropedes,Rhyacophilidae
Rhyacophila acutiloba,Rhyacophilidae
Rhyacophila brunnea,Rhyacophilidae
Rhyacophila carolina?,Rhyacophilidae
Rhyacophila carpenteri?,Rhyacophilidae
Rhyacophila formosa,Rhyacophilidae
Rhyacophila fuscula,Rhyacophilidae
Rhyacophila glaberrima,Rhyacophilidae
Rhyacophila mainensis,Rhyacophilidae
Rhyacophila manistee,Rhyacophilidae
Rhyacophila minora,Rhyacophilidae
Rhyacophila nigrita,Rhyacophilidae
Rhyacophila sp.,Rhyacophilidae
Rhyacophila torva,Rhyacophilidae
Undetermined Rhyacophilidae,Rhyacophilidae
Sialis sp.,Sialidae
Undetermined Sialidae,Sialidae
Cnephia mutata,Simuliidae
Cnephia sp.,Simuliidae
Prosimulium arvum,Simuliidae
Prosimulium clandestinum,Simuliidae
Prosimulium fuscum,Simuliidae
Prosimulium magnum,Simuliidae
Prosimulium rhizophorum,Simuliidae
Prosimulium sp.,Simuliidae
Simulium aureum,Simuliidae
Simulium decorum,Simuliidae
Simulium fibrinflatum,Simuliidae
Simulium gouldingi,Simuliidae
Simulium jenningsi,Simuliidae
Simulium latipes,Simuliidae
Simulium parnassum,Simuliidae
Simulium pictipes,Simuliidae
Simulium rugglesi,Simuliidae
Simulium sp.,Simuliidae
Simulium tuberosum,Simuliidae
Simulium venustum,Simuliidae
Simulium vittatum,Simuliidae
Stegopterna sp.,Simuliidae
Undetermined Simuliidae,Simuliidae
Chrysops sp.,Tabanidae
Hybomitra sp.,Tabanidae
Tabanus sp.,Tabanidae
Undetermined Tabanidae,Tabanidae
Antocha sp.,Tipulidae
Antocha sp. 1,Tipulidae
Antocha sp. 2,Tipulidae
Dicranota sp.,Tipulidae
Helius sp.,Tipulidae
Hesperoconopa sp.,Tipulidae
Hexatoma sp.,Tipulidae
Hexatoma sp. 1,Tipulidae
Hexatoma sp. 2,Tipulidae
Limnophila sp.,Tipulidae
Limonia sp.,Tipulidae
Molophilus sp.,Tipulidae
Ormosia sp.,Tipulidae
Pedicia sp.,Tipulidae
Pilaria sp.,Tipulidae
Pseudolimnophila sp.,Tipulidae
Tipula sp.,Tipulidae
Ulomorpha sp.,Tipulidae
Undetermined Tipulidae,Tipulidae
Dugesia sp.,Turbellaria
Dugesia tigrina,Turbellaria
Undetermined Turbellaria,Turbellaria
Neophylax concinnus,Uenoidae
Neophylax fuscus,Uenoidae
Neophylax oligius,Uenoidae
Neophylax sp.,Uenoidae
Undetermined Uenoidae,Uenoidae
Undetermined Valvatidae,Valvatidae
Valvata lewisi,Valvatidae
Valvata piscinalis,Valvatidae
Valvata sincera,Valvatidae
Valvata sp.,Valvatidae
Valvata tricarinata,Valvatidae
